{"cameraMode":{"drawMode":0,"name":"Shaded","section":"Shading Mode"},"sceneLighting":true,"audioPlay":false,"sceneViewState":{"m_AlwaysRefresh":false,"showFog":true,"showSkybox":true,"showFlares":true,"showImageEffects":true,"showParticleSystems":true,"showVisualEffectGraphs":true,"m_FxEnabled":true},"in2DMode":false,"pivot":{"x":2.0525200366973879,"y":4.777359962463379,"z":2.916360855102539},"rotation":{"x":-0.19531400501728059,"y":-0.1296115517616272,"z":0.026042073965072633,"w":-0.9719462394714356},"size":1.3978381156921387,"orthographic":false}